<?xml version="1.0" encoding="UTF-8"?>
<!DOCTYPE suite SYSTEM "http://testng.org/testng-1.0.dtd" >
<suite name="Suite1"> <!-- parallel="true" data-provider-thread-count="2" thread-count="2" -->
	<listeners>
        <listener class-name="reportGeneration.TestListener"/>
    </listeners>
   	<test name="Credit and collection TestCases">
	    <parameter name = "TestCaseFileName" value="BC_Product_Credit.xlsx;VerifyAccount"/>
	    <parameter name = "BrowserName" value="Chrome"/>
		    <classes>
		       <class name="featurespecific.MainToExecuteActions"/>
		    </classes>
	</test>
	<test name="TestCase 2" >
	    <parameter name = "TestCaseFileName" value="CollectionsTestScript.xlsx;CollectionsQueue"/>
	    <parameter name = "BrowserName" value="Chrome"/>
		    <classes>
		       <class name="featurespecific.MainToExecuteActions"/>
		    </classes>
	</test>
</suite> 